作者,详情地址,标题
Cyber朋克2077,http://www.bilibili.com/video/av304088001,"小姐姐,细狗,十一创作大挑战,程yooooo,程女士,星动安利大作战"
梦可御,http://www.bilibili.com/video/av254888554,"MV,明星,性感,翻跳,韩舞,4K,打卡挑战,不被生理期左右"
永远的我的鸟笼Me,http://www.bilibili.com/video/av854324300,"AMV,自制,动漫,多素材,治愈向,论BGM的重要性,京阿尼,京都动画,冰菓,薇尔莉特"
猫眼时尚,http://www.bilibili.com/video/av561731286,"韩国,美女,性感,写真,模特,小姐姐,十一创作大挑战,时尚秀场零距离"
米爆头,http://www.bilibili.com/video/av561325760,"电影剪辑,电影,开车,内涵,影视剪辑,影视剪影,爆笑,名场面,搞笑集锦"
快乐每一天lesson,http://www.bilibili.com/video/av96836648,"短片,爱情,青春,恋爱,女神,性感,情感,情侣,吻戏"
蚕豆爆笑社A,http://www.bilibili.com/video/av260287360,"逗比,名场面,全程高能,奇葩,尴尬瞬间,社死现场"
Cyber朋克2077,http://www.bilibili.com/video/av731666671,"小姐姐,无忧传媒,十一创作大挑战,校园分享官,程yooooo,程女士,校园分享官第6期"
麻衣学姐我的最爱,http://www.bilibili.com/video/av901652151,"动画,舞蹈,自制,3D,弱音,新人向,弱音HAKU"
bngdmksf,http://www.bilibili.com/video/av333806484,"央视,CCTV,生活,高能,韩国,小姐姐,美女,模特"
meinv_she,http://www.bilibili.com/video/av986631958,"美女,女神,诱惑,必看,大长腿,小姐姐"
l怀旧电影厅,http://www.bilibili.com/video/av813821132,"电影解说,影视剪影,影视剪辑"
meinv_she,http://www.bilibili.com/video/av516670725,"美女,女神,诱惑,必看,大长腿,小姐姐"
复活视频,http://www.bilibili.com/video/av599751704,"电影解说,电影,电影剪辑"
八千家的羽铭,http://www.bilibili.com/video/av426051060,"生活,颜值,心动,漂亮,可爱,小仙女,初恋,日常,萌妹子,混剪"
地球人事务所,http://www.bilibili.com/video/av816682751,"搞笑,爆笑,美女,奇葩,真人秀,整蛊,日本综艺,憋笑挑战,娱乐前线速评,高能娱评官第三期"
颜值爆表啦,http://www.bilibili.com/video/av848292664,"娱乐一起FUN·花式安利王,真人秀,美女,综艺,娱乐,女神"
放映影视,http://www.bilibili.com/video/av771970082,"镇站之宝大乱斗,宝藏影视名场面"
丸子丸子丸子丸,http://www.bilibili.com/video/av514267875,"高能娱评官,明星,国产,美女,女神,陈红,钟欣潼,古力娜扎,黎姿"
逸煊知识产权小唐,http://www.bilibili.com/video/av603192240,"国外,外国,奇葩,老外真会玩,沙雕"
志成看世界,http://www.bilibili.com/video/av731685233,"美女,女神,性感,模特,模特走秀,必剪创作,十一创作大挑战"
艾伦电影,http://www.bilibili.com/video/av671481744,"电影解说,惊悚,恐怖片,惊悚片,电影剪辑,惊悚电影,影视剪影,伐头岭,公路片,血浆片"
YouTube日本,http://www.bilibili.com/video/av816531268,"深夜综艺,日语听力练习,日本人的日常,电车站,酒店,探店,东京热门酒店,JR"
茉莉绿茶七分糖,http://www.bilibili.com/video/av646436060,"影视万话镜3.0,影视热点观察,美女,唐朝诡事录"
欣来解说,http://www.bilibili.com/video/av944214959,"爱情,妻子,影视剪影,电影解说"
隔壁老宫唉,http://www.bilibili.com/video/av859162218,"美女,合集,诱惑,必剪创作,十一创作大挑战"
Cyber朋克2077,http://www.bilibili.com/video/av516628006,"美女,小姐姐,无忧传媒,校园分享官,程yooooo,程女士,校园分享官第6期"
bili_1042075055,http://www.bilibili.com/video/av261721905,"韩国,美女,健身,学习,训练,自重,韩国美女,居家,器械,居家训练"
夜小雨爆笑社,http://www.bilibili.com/video/av943413264,"必剪创作,日本,小仙女,妹子,日语,挑战,高能,小姐姐,搞笑,不可能的任务"
白碧罗搞笑配音,http://www.bilibili.com/video/av288982712,"生活,高能,电梯,素质,正能量,日常,公共场所,美女,社会"
星星-记录簿,http://www.bilibili.com/video/av558413312,"猫的树,白鹿,田曦薇,张予曦,周雨彤,姜之南,卢昱晓,美女,张楚涵"
关耳士o,http://www.bilibili.com/video/av943951196,"仿妆cos大神召集令,这个cos绝了！,小姐姐,美女,性感,丝袜,Cosplay,萌妹子,鼓包,胶衣"
正人君子の收藏夹,http://www.bilibili.com/video/av943844797,"美女,女神,身材,小姐姐,十一创作大挑战"
锁一世清秋心,http://www.bilibili.com/video/av731428193,"美女,性感,热舞,身材,诱惑,大长腿"
灵狐45,http://www.bilibili.com/video/av943930129,"跳舞,热舞,诱惑,性感热舞,大长腿,小姐姐,舞蹈综合,刻在你DNA的动漫,用一组照片晒出你的高能爱好"
美女推荐官依,http://www.bilibili.com/video/av516139855,"美女,丝袜,合集,性感,美腿,诱惑,大长腿,丝袜美腿,光腿,舞蹈区陪你过国庆"
锁一世清秋心,http://www.bilibili.com/video/av731631027,"美女,女神,精品,身材,诱惑,大长腿"
张娜英可爱捏,http://www.bilibili.com/video/av603982088,"必剪创作,合集,性感,女神,妹子,萌妹子,tTikTo"
经典电影工厂,http://www.bilibili.com/video/av591541703,"美女,性感,诱惑,影视剪影"
175小仙女,http://www.bilibili.com/video/av331289516,"打卡挑战,必剪创作,性感,美女,诱惑,爱情"
正人君子の收藏夹,http://www.bilibili.com/video/av646345721,"好身材,大长腿,小姐姐,Q弹,十一创作大挑战"
好B友到此欢聚一堂,http://www.bilibili.com/video/av303983740,"必剪创作,比基尼,泳装,美女,性感,模特"
梦可御,http://www.bilibili.com/video/av254888554,"MV,明星,性感,翻跳,韩舞,4K,打卡挑战,不被生理期左右"
永远的我的鸟笼Me,http://www.bilibili.com/video/av854324300,"AMV,自制,动漫,多素材,治愈向,论BGM的重要性,京阿尼,京都动画,冰菓,薇尔莉特"
猫眼时尚,http://www.bilibili.com/video/av561731286,"韩国,美女,性感,写真,模特,小姐姐,十一创作大挑战,时尚秀场零距离"
米爆头,http://www.bilibili.com/video/av561325760,"电影剪辑,电影,开车,内涵,影视剪辑,影视剪影,爆笑,名场面,搞笑集锦"
快乐每一天lesson,http://www.bilibili.com/video/av96836648,"短片,爱情,青春,恋爱,女神,性感,情感,情侣,吻戏"
蚕豆爆笑社A,http://www.bilibili.com/video/av260287360,"逗比,名场面,全程高能,奇葩,尴尬瞬间,社死现场"
Cyber朋克2077,http://www.bilibili.com/video/av731666671,"小姐姐,无忧传媒,十一创作大挑战,校园分享官,程yooooo,程女士,校园分享官第6期"
麻衣学姐我的最爱,http://www.bilibili.com/video/av901652151,"动画,舞蹈,自制,3D,弱音,新人向,弱音HAKU"
bngdmksf,http://www.bilibili.com/video/av333806484,"央视,CCTV,生活,高能,韩国,小姐姐,美女,模特"
meinv_she,http://www.bilibili.com/video/av986631958,"美女,女神,诱惑,必看,大长腿,小姐姐"
l怀旧电影厅,http://www.bilibili.com/video/av813821132,"电影解说,影视剪影,影视剪辑"
meinv_she,http://www.bilibili.com/video/av516670725,"美女,女神,诱惑,必看,大长腿,小姐姐"
复活视频,http://www.bilibili.com/video/av599751704,"电影解说,电影,电影剪辑"
八千家的羽铭,http://www.bilibili.com/video/av426051060,"生活,颜值,心动,漂亮,可爱,小仙女,初恋,日常,萌妹子,混剪"
地球人事务所,http://www.bilibili.com/video/av816682751,"搞笑,爆笑,美女,奇葩,真人秀,整蛊,日本综艺,憋笑挑战,娱乐前线速评,高能娱评官第三期"
颜值爆表啦,http://www.bilibili.com/video/av848292664,"娱乐一起FUN·花式安利王,真人秀,美女,综艺,娱乐,女神"
放映影视,http://www.bilibili.com/video/av771970082,"镇站之宝大乱斗,宝藏影视名场面"
丸子丸子丸子丸,http://www.bilibili.com/video/av514267875,"高能娱评官,明星,国产,美女,女神,陈红,钟欣潼,古力娜扎,黎姿"
逸煊知识产权小唐,http://www.bilibili.com/video/av603192240,"国外,外国,奇葩,老外真会玩,沙雕"
志成看世界,http://www.bilibili.com/video/av731685233,"美女,女神,性感,模特,模特走秀,必剪创作,十一创作大挑战"
艾伦电影,http://www.bilibili.com/video/av671481744,"电影解说,惊悚,恐怖片,惊悚片,电影剪辑,惊悚电影,影视剪影,伐头岭,公路片,血浆片"
YouTube日本,http://www.bilibili.com/video/av816531268,"深夜综艺,日语听力练习,日本人的日常,电车站,酒店,探店,东京热门酒店,JR"
茉莉绿茶七分糖,http://www.bilibili.com/video/av646436060,"影视万话镜3.0,影视热点观察,美女,唐朝诡事录"
欣来解说,http://www.bilibili.com/video/av944214959,"爱情,妻子,影视剪影,电影解说"
隔壁老宫唉,http://www.bilibili.com/video/av859162218,"美女,合集,诱惑,必剪创作,十一创作大挑战"
Cyber朋克2077,http://www.bilibili.com/video/av516628006,"美女,小姐姐,无忧传媒,校园分享官,程yooooo,程女士,校园分享官第6期"
bili_1042075055,http://www.bilibili.com/video/av261721905,"韩国,美女,健身,学习,训练,自重,韩国美女,居家,器械,居家训练"
夜小雨爆笑社,http://www.bilibili.com/video/av943413264,"必剪创作,日本,小仙女,妹子,日语,挑战,高能,小姐姐,搞笑,不可能的任务"
白碧罗搞笑配音,http://www.bilibili.com/video/av288982712,"生活,高能,电梯,素质,正能量,日常,公共场所,美女,社会"
星星-记录簿,http://www.bilibili.com/video/av558413312,"猫的树,白鹿,田曦薇,张予曦,周雨彤,姜之南,卢昱晓,美女,张楚涵"
关耳士o,http://www.bilibili.com/video/av943951196,"仿妆cos大神召集令,这个cos绝了！,小姐姐,美女,性感,丝袜,Cosplay,萌妹子,鼓包,胶衣"
树洞先生的小猫,http://www.bilibili.com/video/av303930496,"搞笑新星训练营11.0,搞笑新星训练营,逗比,搞笑研究所8.0,恶作剧,全程高能,整蛊,街头恶搞,歪果仁,整人"
正人君子の收藏夹,http://www.bilibili.com/video/av943844797,"美女,女神,身材,小姐姐,十一创作大挑战"
锁一世清秋心,http://www.bilibili.com/video/av731428193,"美女,性感,热舞,身材,诱惑,大长腿"
灵狐45,http://www.bilibili.com/video/av943930129,"跳舞,热舞,诱惑,性感热舞,大长腿,小姐姐,舞蹈综合,刻在你DNA的动漫,用一组照片晒出你的高能爱好"
美女推荐官依,http://www.bilibili.com/video/av516139855,"美女,丝袜,合集,性感,美腿,诱惑,大长腿,丝袜美腿,光腿,舞蹈区陪你过国庆"
锁一世清秋心,http://www.bilibili.com/video/av731631027,"美女,女神,精品,身材,诱惑,大长腿"
张娜英可爱捏,http://www.bilibili.com/video/av603982088,"必剪创作,合集,性感,女神,妹子,萌妹子,tTikTo"
经典电影工厂,http://www.bilibili.com/video/av591541703,"美女,性感,诱惑,影视剪影"
175小仙女,http://www.bilibili.com/video/av331289516,"打卡挑战,必剪创作,性感,美女,诱惑,爱情"
正人君子の收藏夹,http://www.bilibili.com/video/av646345721,"好身材,大长腿,小姐姐,Q弹,十一创作大挑战"
好B友到此欢聚一堂,http://www.bilibili.com/video/av303983740,"必剪创作,比基尼,泳装,美女,性感,模特"
Cyber朋克2077,http://www.bilibili.com/video/av304088001,"小姐姐,细狗,十一创作大挑战,程yooooo,程女士,星动安利大作战"
永远的我的鸟笼Me,http://www.bilibili.com/video/av854324300,"AMV,自制,动漫,多素材,治愈向,论BGM的重要性,京阿尼,京都动画,冰菓,薇尔莉特"
猫眼时尚,http://www.bilibili.com/video/av561731286,"韩国,美女,性感,写真,模特,小姐姐,十一创作大挑战,时尚秀场零距离"
米爆头,http://www.bilibili.com/video/av561325760,"电影剪辑,电影,开车,内涵,影视剪辑,影视剪影,爆笑,名场面,搞笑集锦"
快乐每一天lesson,http://www.bilibili.com/video/av96836648,"短片,爱情,青春,恋爱,女神,性感,情感,情侣,吻戏"
蚕豆爆笑社A,http://www.bilibili.com/video/av260287360,"逗比,名场面,全程高能,奇葩,尴尬瞬间,社死现场"
Cyber朋克2077,http://www.bilibili.com/video/av731666671,"小姐姐,无忧传媒,十一创作大挑战,校园分享官,程yooooo,程女士,校园分享官第6期"
麻衣学姐我的最爱,http://www.bilibili.com/video/av901652151,"动画,舞蹈,自制,3D,弱音,新人向,弱音HAKU"
bngdmksf,http://www.bilibili.com/video/av333806484,"央视,CCTV,生活,高能,韩国,小姐姐,美女,模特"
meinv_she,http://www.bilibili.com/video/av986631958,"美女,女神,诱惑,必看,大长腿,小姐姐"
l怀旧电影厅,http://www.bilibili.com/video/av813821132,"电影解说,影视剪影,影视剪辑"
meinv_she,http://www.bilibili.com/video/av516670725,"美女,女神,诱惑,必看,大长腿,小姐姐"
复活视频,http://www.bilibili.com/video/av599751704,"电影解说,电影,电影剪辑"
八千家的羽铭,http://www.bilibili.com/video/av426051060,"生活,颜值,心动,漂亮,可爱,小仙女,初恋,日常,萌妹子,混剪"
地球人事务所,http://www.bilibili.com/video/av816682751,"搞笑,爆笑,美女,奇葩,真人秀,整蛊,日本综艺,憋笑挑战,娱乐前线速评,高能娱评官第三期"
颜值爆表啦,http://www.bilibili.com/video/av848292664,"娱乐一起FUN·花式安利王,真人秀,美女,综艺,娱乐,女神"
放映影视,http://www.bilibili.com/video/av771970082,"镇站之宝大乱斗,宝藏影视名场面"
丸子丸子丸子丸,http://www.bilibili.com/video/av514267875,"高能娱评官,明星,国产,美女,女神,陈红,钟欣潼,古力娜扎,黎姿"
逸煊知识产权小唐,http://www.bilibili.com/video/av603192240,"国外,外国,奇葩,老外真会玩,沙雕"
志成看世界,http://www.bilibili.com/video/av731685233,"美女,女神,性感,模特,模特走秀,必剪创作,十一创作大挑战"
艾伦电影,http://www.bilibili.com/video/av671481744,"电影解说,惊悚,恐怖片,惊悚片,电影剪辑,惊悚电影,影视剪影,伐头岭,公路片,血浆片"
YouTube日本,http://www.bilibili.com/video/av816531268,"深夜综艺,日语听力练习,日本人的日常,电车站,酒店,探店,东京热门酒店,JR"
茉莉绿茶七分糖,http://www.bilibili.com/video/av646436060,"影视万话镜3.0,影视热点观察,美女,唐朝诡事录"
隔壁老宫唉,http://www.bilibili.com/video/av859162218,"美女,合集,诱惑,必剪创作,十一创作大挑战"
Cyber朋克2077,http://www.bilibili.com/video/av516628006,"美女,小姐姐,无忧传媒,校园分享官,程yooooo,程女士,校园分享官第6期"
bili_1042075055,http://www.bilibili.com/video/av261721905,"韩国,美女,健身,学习,训练,自重,韩国美女,居家,器械,居家训练"
夜小雨爆笑社,http://www.bilibili.com/video/av943413264,"必剪创作,日本,小仙女,妹子,日语,挑战,高能,小姐姐,搞笑,不可能的任务"
白碧罗搞笑配音,http://www.bilibili.com/video/av288982712,"生活,高能,电梯,素质,正能量,日常,公共场所,美女,社会"
星星-记录簿,http://www.bilibili.com/video/av558413312,"猫的树,白鹿,田曦薇,张予曦,周雨彤,姜之南,卢昱晓,美女,张楚涵"
关耳士o,http://www.bilibili.com/video/av943951196,"仿妆cos大神召集令,这个cos绝了！,小姐姐,美女,性感,丝袜,Cosplay,萌妹子,鼓包,胶衣"
树洞先生的小猫,http://www.bilibili.com/video/av303930496,"搞笑新星训练营11.0,搞笑新星训练营,逗比,搞笑研究所8.0,恶作剧,全程高能,整蛊,街头恶搞,歪果仁,整人"
正人君子の收藏夹,http://www.bilibili.com/video/av943844797,"美女,女神,身材,小姐姐,十一创作大挑战"
锁一世清秋心,http://www.bilibili.com/video/av731428193,"美女,性感,热舞,身材,诱惑,大长腿"
灵狐45,http://www.bilibili.com/video/av943930129,"跳舞,热舞,诱惑,性感热舞,大长腿,小姐姐,舞蹈综合,刻在你DNA的动漫,用一组照片晒出你的高能爱好"
美女推荐官依,http://www.bilibili.com/video/av516139855,"美女,丝袜,合集,性感,美腿,诱惑,大长腿,丝袜美腿,光腿,舞蹈区陪你过国庆"
锁一世清秋心,http://www.bilibili.com/video/av731631027,"美女,女神,精品,身材,诱惑,大长腿"
张娜英可爱捏,http://www.bilibili.com/video/av603982088,"必剪创作,合集,性感,女神,妹子,萌妹子,tTikTo"
经典电影工厂,http://www.bilibili.com/video/av591541703,"美女,性感,诱惑,影视剪影"
175小仙女,http://www.bilibili.com/video/av331289516,"打卡挑战,必剪创作,性感,美女,诱惑,爱情"
正人君子の收藏夹,http://www.bilibili.com/video/av646345721,"好身材,大长腿,小姐姐,Q弹,十一创作大挑战"
好B友到此欢聚一堂,http://www.bilibili.com/video/av303983740,"必剪创作,比基尼,泳装,美女,性感,模特"
简趣易看,http://www.bilibili.com/video/av844021116,"影视剪影,性感"
猫眼时尚,http://www.bilibili.com/video/av561731286,"韩国,美女,性感,写真,模特,小姐姐,十一创作大挑战,时尚秀场零距离"
米爆头,http://www.bilibili.com/video/av561325760,"电影剪辑,电影,开车,内涵,影视剪辑,影视剪影,爆笑,名场面,搞笑集锦"
快乐每一天lesson,http://www.bilibili.com/video/av96836648,"短片,爱情,青春,恋爱,女神,性感,情感,情侣,吻戏"
蚕豆爆笑社A,http://www.bilibili.com/video/av260287360,"逗比,名场面,全程高能,奇葩,尴尬瞬间,社死现场"
Cyber朋克2077,http://www.bilibili.com/video/av731666671,"小姐姐,无忧传媒,十一创作大挑战,校园分享官,程yooooo,程女士,校园分享官第6期"
麻衣学姐我的最爱,http://www.bilibili.com/video/av901652151,"动画,舞蹈,自制,3D,弱音,新人向,弱音HAKU"
bngdmksf,http://www.bilibili.com/video/av333806484,"央视,CCTV,生活,高能,韩国,小姐姐,美女,模特"
meinv_she,http://www.bilibili.com/video/av986631958,"美女,女神,诱惑,必看,大长腿,小姐姐"
l怀旧电影厅,http://www.bilibili.com/video/av813821132,"电影解说,影视剪影,影视剪辑"
meinv_she,http://www.bilibili.com/video/av516670725,"美女,女神,诱惑,必看,大长腿,小姐姐"
复活视频,http://www.bilibili.com/video/av599751704,"电影解说,电影,电影剪辑"
八千家的羽铭,http://www.bilibili.com/video/av426051060,"生活,颜值,心动,漂亮,可爱,小仙女,初恋,日常,萌妹子,混剪"
地球人事务所,http://www.bilibili.com/video/av816682751,"搞笑,爆笑,美女,奇葩,真人秀,整蛊,日本综艺,憋笑挑战,娱乐前线速评,高能娱评官第三期"
颜值爆表啦,http://www.bilibili.com/video/av848292664,"娱乐一起FUN·花式安利王,真人秀,美女,综艺,娱乐,女神"
放映影视,http://www.bilibili.com/video/av771970082,"镇站之宝大乱斗,宝藏影视名场面"
丸子丸子丸子丸,http://www.bilibili.com/video/av514267875,"高能娱评官,明星,国产,美女,女神,陈红,钟欣潼,古力娜扎,黎姿"
逸煊知识产权小唐,http://www.bilibili.com/video/av603192240,"国外,外国,奇葩,老外真会玩,沙雕"
志成看世界,http://www.bilibili.com/video/av731685233,"美女,女神,性感,模特,模特走秀,必剪创作,十一创作大挑战"
艾伦电影,http://www.bilibili.com/video/av671481744,"电影解说,惊悚,恐怖片,惊悚片,电影剪辑,惊悚电影,影视剪影,伐头岭,公路片,血浆片"
YouTube日本,http://www.bilibili.com/video/av816531268,"深夜综艺,日语听力练习,日本人的日常,电车站,酒店,探店,东京热门酒店,JR"
茉莉绿茶七分糖,http://www.bilibili.com/video/av646436060,"影视万话镜3.0,影视热点观察,美女,唐朝诡事录"
隔壁老宫唉,http://www.bilibili.com/video/av859162218,"美女,合集,诱惑,必剪创作,十一创作大挑战"
Cyber朋克2077,http://www.bilibili.com/video/av516628006,"美女,小姐姐,无忧传媒,校园分享官,程yooooo,程女士,校园分享官第6期"
bili_1042075055,http://www.bilibili.com/video/av261721905,"韩国,美女,健身,学习,训练,自重,韩国美女,居家,器械,居家训练"
夜小雨爆笑社,http://www.bilibili.com/video/av943413264,"必剪创作,日本,小仙女,妹子,日语,挑战,高能,小姐姐,搞笑,不可能的任务"
白碧罗搞笑配音,http://www.bilibili.com/video/av288982712,"生活,高能,电梯,素质,正能量,日常,公共场所,美女,社会"
星星-记录簿,http://www.bilibili.com/video/av558413312,"猫的树,白鹿,田曦薇,张予曦,周雨彤,姜之南,卢昱晓,美女,张楚涵"
关耳士o,http://www.bilibili.com/video/av943951196,"仿妆cos大神召集令,这个cos绝了！,小姐姐,美女,性感,丝袜,Cosplay,萌妹子,鼓包,胶衣"
洛丽塔大哥lolita,http://www.bilibili.com/video/av561647211,"女神,御姐,花絮,模特,颜值,随手记录我的生活碎片,生活万花筒·生活记录册"
幼儿园界内扛把子,http://www.bilibili.com/video/av429592688,"暑期电影奇遇季,用电影打开这个夏天"
树洞先生的小猫,http://www.bilibili.com/video/av303930496,"搞笑新星训练营11.0,搞笑新星训练营,逗比,搞笑研究所8.0,恶作剧,全程高能,整蛊,街头恶搞,歪果仁,整人"
正人君子の收藏夹,http://www.bilibili.com/video/av943844797,"美女,女神,身材,小姐姐,十一创作大挑战"
锁一世清秋心,http://www.bilibili.com/video/av731428193,"美女,性感,热舞,身材,诱惑,大长腿"
灵狐45,http://www.bilibili.com/video/av943930129,"跳舞,热舞,诱惑,性感热舞,大长腿,小姐姐,舞蹈综合,刻在你DNA的动漫,用一组照片晒出你的高能爱好"
美女推荐官依,http://www.bilibili.com/video/av516139855,"美女,丝袜,合集,性感,美腿,诱惑,大长腿,丝袜美腿,光腿,舞蹈区陪你过国庆"
锁一世清秋心,http://www.bilibili.com/video/av731631027,"美女,女神,精品,身材,诱惑,大长腿"
张娜英可爱捏,http://www.bilibili.com/video/av603982088,"必剪创作,合集,性感,女神,妹子,萌妹子,tTikTo"
经典电影工厂,http://www.bilibili.com/video/av591541703,"美女,性感,诱惑,影视剪影"
175小仙女,http://www.bilibili.com/video/av331289516,"打卡挑战,必剪创作,性感,美女,诱惑,爱情"
正人君子の收藏夹,http://www.bilibili.com/video/av646345721,"好身材,大长腿,小姐姐,Q弹,十一创作大挑战"
好B友到此欢聚一堂,http://www.bilibili.com/video/av303983740,"必剪创作,比基尼,泳装,美女,性感,模特"
简趣易看,http://www.bilibili.com/video/av844021116,"影视剪影,性感"
永远的我的鸟笼Me,http://www.bilibili.com/video/av854324300,"AMV,自制,动漫,多素材,治愈向,论BGM的重要性,京阿尼,京都动画,冰菓,薇尔莉特"
猫眼时尚,http://www.bilibili.com/video/av561731286,"韩国,美女,性感,写真,模特,小姐姐,十一创作大挑战,时尚秀场零距离"
米爆头,http://www.bilibili.com/video/av561325760,"电影剪辑,电影,开车,内涵,影视剪辑,影视剪影,爆笑,名场面,搞笑集锦"
快乐每一天lesson,http://www.bilibili.com/video/av96836648,"短片,爱情,青春,恋爱,女神,性感,情感,情侣,吻戏"
蚕豆爆笑社A,http://www.bilibili.com/video/av260287360,"逗比,名场面,全程高能,奇葩,尴尬瞬间,社死现场"
Cyber朋克2077,http://www.bilibili.com/video/av731666671,"小姐姐,无忧传媒,十一创作大挑战,校园分享官,程yooooo,程女士,校园分享官第6期"
麻衣学姐我的最爱,http://www.bilibili.com/video/av901652151,"动画,舞蹈,自制,3D,弱音,新人向,弱音HAKU"
bngdmksf,http://www.bilibili.com/video/av333806484,"央视,CCTV,生活,高能,韩国,小姐姐,美女,模特"
meinv_she,http://www.bilibili.com/video/av986631958,"美女,女神,诱惑,必看,大长腿,小姐姐"
l怀旧电影厅,http://www.bilibili.com/video/av813821132,"电影解说,影视剪影,影视剪辑"
meinv_she,http://www.bilibili.com/video/av516670725,"美女,女神,诱惑,必看,大长腿,小姐姐"
复活视频,http://www.bilibili.com/video/av599751704,"电影解说,电影,电影剪辑"
八千家的羽铭,http://www.bilibili.com/video/av426051060,"生活,颜值,心动,漂亮,可爱,小仙女,初恋,日常,萌妹子,混剪"
地球人事务所,http://www.bilibili.com/video/av816682751,"搞笑,爆笑,美女,奇葩,真人秀,整蛊,日本综艺,憋笑挑战,娱乐前线速评,高能娱评官第三期"
颜值爆表啦,http://www.bilibili.com/video/av848292664,"娱乐一起FUN·花式安利王,真人秀,美女,综艺,娱乐,女神"
放映影视,http://www.bilibili.com/video/av771970082,"镇站之宝大乱斗,宝藏影视名场面"
丸子丸子丸子丸,http://www.bilibili.com/video/av514267875,"高能娱评官,明星,国产,美女,女神,陈红,钟欣潼,古力娜扎,黎姿"
逸煊知识产权小唐,http://www.bilibili.com/video/av603192240,"国外,外国,奇葩,老外真会玩,沙雕"
志成看世界,http://www.bilibili.com/video/av731685233,"美女,女神,性感,模特,模特走秀,必剪创作,十一创作大挑战"
艾伦电影,http://www.bilibili.com/video/av671481744,"电影解说,惊悚,恐怖片,惊悚片,电影剪辑,惊悚电影,影视剪影,伐头岭,公路片,血浆片"
YouTube日本,http://www.bilibili.com/video/av816531268,"深夜综艺,日语听力练习,日本人的日常,电车站,酒店,探店,东京热门酒店,JR"
茉莉绿茶七分糖,http://www.bilibili.com/video/av646436060,"影视万话镜3.0,影视热点观察,美女,唐朝诡事录"
欣来解说,http://www.bilibili.com/video/av944214959,"爱情,妻子,影视剪影,电影解说"
隔壁老宫唉,http://www.bilibili.com/video/av859162218,"美女,合集,诱惑,必剪创作,十一创作大挑战"
Cyber朋克2077,http://www.bilibili.com/video/av516628006,"美女,小姐姐,无忧传媒,校园分享官,程yooooo,程女士,校园分享官第6期"
bili_1042075055,http://www.bilibili.com/video/av261721905,"韩国,美女,健身,学习,训练,自重,韩国美女,居家,器械,居家训练"
夜小雨爆笑社,http://www.bilibili.com/video/av943413264,"必剪创作,日本,小仙女,妹子,日语,挑战,高能,小姐姐,搞笑,不可能的任务"
白碧罗搞笑配音,http://www.bilibili.com/video/av288982712,"生活,高能,电梯,素质,正能量,日常,公共场所,美女,社会"
星星-记录簿,http://www.bilibili.com/video/av558413312,"猫的树,白鹿,田曦薇,张予曦,周雨彤,姜之南,卢昱晓,美女,张楚涵"
关耳士o,http://www.bilibili.com/video/av943951196,"仿妆cos大神召集令,这个cos绝了！,小姐姐,美女,性感,丝袜,Cosplay,萌妹子,鼓包,胶衣"
正人君子の收藏夹,http://www.bilibili.com/video/av943844797,"美女,女神,身材,小姐姐,十一创作大挑战"
锁一世清秋心,http://www.bilibili.com/video/av731428193,"美女,性感,热舞,身材,诱惑,大长腿"
灵狐45,http://www.bilibili.com/video/av943930129,"跳舞,热舞,诱惑,性感热舞,大长腿,小姐姐,舞蹈综合,刻在你DNA的动漫,用一组照片晒出你的高能爱好"
美女推荐官依,http://www.bilibili.com/video/av516139855,"美女,丝袜,合集,性感,美腿,诱惑,大长腿,丝袜美腿,光腿,舞蹈区陪你过国庆"
锁一世清秋心,http://www.bilibili.com/video/av731631027,"美女,女神,精品,身材,诱惑,大长腿"
张娜英可爱捏,http://www.bilibili.com/video/av603982088,"必剪创作,合集,性感,女神,妹子,萌妹子,tTikTo"
经典电影工厂,http://www.bilibili.com/video/av591541703,"美女,性感,诱惑,影视剪影"
175小仙女,http://www.bilibili.com/video/av331289516,"打卡挑战,必剪创作,性感,美女,诱惑,爱情"
正人君子の收藏夹,http://www.bilibili.com/video/av646345721,"好身材,大长腿,小姐姐,Q弹,十一创作大挑战"
好B友到此欢聚一堂,http://www.bilibili.com/video/av303983740,"必剪创作,比基尼,泳装,美女,性感,模特"
简趣易看,http://www.bilibili.com/video/av844021116,"影视剪影,性感"
stardom-worlds_,http://www.bilibili.com/video/av731691901,"美女,性感,身材,内衣秀,模特,大长腿,秀场,时尚秀场,十一创作大挑战,时尚秀场零距离"
Cyber朋克2077,http://www.bilibili.com/video/av304088001,"小姐姐,细狗,十一创作大挑战,程yooooo,程女士,星动安利大作战"
永远的我的鸟笼Me,http://www.bilibili.com/video/av854324300,"AMV,自制,动漫,多素材,治愈向,论BGM的重要性,京阿尼,京都动画,冰菓,薇尔莉特"
猫眼时尚,http://www.bilibili.com/video/av561731286,"韩国,美女,性感,写真,模特,小姐姐,十一创作大挑战,时尚秀场零距离"
米爆头,http://www.bilibili.com/video/av561325760,"电影剪辑,电影,开车,内涵,影视剪辑,影视剪影,爆笑,名场面,搞笑集锦"
快乐每一天lesson,http://www.bilibili.com/video/av96836648,"短片,爱情,青春,恋爱,女神,性感,情感,情侣,吻戏"
蚕豆爆笑社A,http://www.bilibili.com/video/av260287360,"逗比,名场面,全程高能,奇葩,尴尬瞬间,社死现场"
Cyber朋克2077,http://www.bilibili.com/video/av731666671,"小姐姐,无忧传媒,十一创作大挑战,校园分享官,程yooooo,程女士,校园分享官第6期"
麻衣学姐我的最爱,http://www.bilibili.com/video/av901652151,"动画,舞蹈,自制,3D,弱音,新人向,弱音HAKU"
bngdmksf,http://www.bilibili.com/video/av333806484,"央视,CCTV,生活,高能,韩国,小姐姐,美女,模特"
meinv_she,http://www.bilibili.com/video/av986631958,"美女,女神,诱惑,必看,大长腿,小姐姐"
l怀旧电影厅,http://www.bilibili.com/video/av813821132,"电影解说,影视剪影,影视剪辑"
meinv_she,http://www.bilibili.com/video/av516670725,"美女,女神,诱惑,必看,大长腿,小姐姐"
复活视频,http://www.bilibili.com/video/av599751704,"电影解说,电影,电影剪辑"
八千家的羽铭,http://www.bilibili.com/video/av426051060,"生活,颜值,心动,漂亮,可爱,小仙女,初恋,日常,萌妹子,混剪"
地球人事务所,http://www.bilibili.com/video/av816682751,"搞笑,爆笑,美女,奇葩,真人秀,整蛊,日本综艺,憋笑挑战,娱乐前线速评,高能娱评官第三期"
颜值爆表啦,http://www.bilibili.com/video/av848292664,"娱乐一起FUN·花式安利王,真人秀,美女,综艺,娱乐,女神"
放映影视,http://www.bilibili.com/video/av771970082,"镇站之宝大乱斗,宝藏影视名场面"
丸子丸子丸子丸,http://www.bilibili.com/video/av514267875,"高能娱评官,明星,国产,美女,女神,陈红,钟欣潼,古力娜扎,黎姿"
逸煊知识产权小唐,http://www.bilibili.com/video/av603192240,"国外,外国,奇葩,老外真会玩,沙雕"
志成看世界,http://www.bilibili.com/video/av731685233,"美女,女神,性感,模特,模特走秀,必剪创作,十一创作大挑战"
艾伦电影,http://www.bilibili.com/video/av671481744,"电影解说,惊悚,恐怖片,惊悚片,电影剪辑,惊悚电影,影视剪影,伐头岭,公路片,血浆片"
YouTube日本,http://www.bilibili.com/video/av816531268,"深夜综艺,日语听力练习,日本人的日常,电车站,酒店,探店,东京热门酒店,JR"
茉莉绿茶七分糖,http://www.bilibili.com/video/av646436060,"影视万话镜3.0,影视热点观察,美女,唐朝诡事录"
欣来解说,http://www.bilibili.com/video/av944214959,"爱情,妻子,影视剪影,电影解说"
隔壁老宫唉,http://www.bilibili.com/video/av859162218,"美女,合集,诱惑,必剪创作,十一创作大挑战"
Cyber朋克2077,http://www.bilibili.com/video/av516628006,"美女,小姐姐,无忧传媒,校园分享官,程yooooo,程女士,校园分享官第6期"
bili_1042075055,http://www.bilibili.com/video/av261721905,"韩国,美女,健身,学习,训练,自重,韩国美女,居家,器械,居家训练"
夜小雨爆笑社,http://www.bilibili.com/video/av943413264,"必剪创作,日本,小仙女,妹子,日语,挑战,高能,小姐姐,搞笑,不可能的任务"
白碧罗搞笑配音,http://www.bilibili.com/video/av288982712,"生活,高能,电梯,素质,正能量,日常,公共场所,美女,社会"
星星-记录簿,http://www.bilibili.com/video/av558413312,"猫的树,白鹿,田曦薇,张予曦,周雨彤,姜之南,卢昱晓,美女,张楚涵"
关耳士o,http://www.bilibili.com/video/av943951196,"仿妆cos大神召集令,这个cos绝了！,小姐姐,美女,性感,丝袜,Cosplay,萌妹子,鼓包,胶衣"
正人君子の收藏夹,http://www.bilibili.com/video/av943844797,"美女,女神,身材,小姐姐,十一创作大挑战"
锁一世清秋心,http://www.bilibili.com/video/av731428193,"美女,性感,热舞,身材,诱惑,大长腿"
灵狐45,http://www.bilibili.com/video/av943930129,"跳舞,热舞,诱惑,性感热舞,大长腿,小姐姐,舞蹈综合,刻在你DNA的动漫,用一组照片晒出你的高能爱好"
美女推荐官依,http://www.bilibili.com/video/av516139855,"美女,丝袜,合集,性感,美腿,诱惑,大长腿,丝袜美腿,光腿,舞蹈区陪你过国庆"
锁一世清秋心,http://www.bilibili.com/video/av731631027,"美女,女神,精品,身材,诱惑,大长腿"
张娜英可爱捏,http://www.bilibili.com/video/av603982088,"必剪创作,合集,性感,女神,妹子,萌妹子,tTikTo"
经典电影工厂,http://www.bilibili.com/video/av591541703,"美女,性感,诱惑,影视剪影"
175小仙女,http://www.bilibili.com/video/av331289516,"打卡挑战,必剪创作,性感,美女,诱惑,爱情"
正人君子の收藏夹,http://www.bilibili.com/video/av646345721,"好身材,大长腿,小姐姐,Q弹,十一创作大挑战"
好B友到此欢聚一堂,http://www.bilibili.com/video/av303983740,"必剪创作,比基尼,泳装,美女,性感,模特"
简趣易看,http://www.bilibili.com/video/av844021116,"影视剪影,性感"
米爆头,http://www.bilibili.com/video/av561325760,"电影剪辑,电影,开车,内涵,影视剪辑,影视剪影,爆笑,名场面,搞笑集锦"
快乐每一天lesson,http://www.bilibili.com/video/av96836648,"短片,爱情,青春,恋爱,女神,性感,情感,情侣,吻戏"
蚕豆爆笑社A,http://www.bilibili.com/video/av260287360,"逗比,名场面,全程高能,奇葩,尴尬瞬间,社死现场"
Cyber朋克2077,http://www.bilibili.com/video/av731666671,"小姐姐,无忧传媒,十一创作大挑战,校园分享官,程yooooo,程女士,校园分享官第6期"
麻衣学姐我的最爱,http://www.bilibili.com/video/av901652151,"动画,舞蹈,自制,3D,弱音,新人向,弱音HAKU"
bngdmksf,http://www.bilibili.com/video/av333806484,"央视,CCTV,生活,高能,韩国,小姐姐,美女,模特"
meinv_she,http://www.bilibili.com/video/av986631958,"美女,女神,诱惑,必看,大长腿,小姐姐"
l怀旧电影厅,http://www.bilibili.com/video/av813821132,"电影解说,影视剪影,影视剪辑"
meinv_she,http://www.bilibili.com/video/av516670725,"美女,女神,诱惑,必看,大长腿,小姐姐"
复活视频,http://www.bilibili.com/video/av599751704,"电影解说,电影,电影剪辑"
八千家的羽铭,http://www.bilibili.com/video/av426051060,"生活,颜值,心动,漂亮,可爱,小仙女,初恋,日常,萌妹子,混剪"
地球人事务所,http://www.bilibili.com/video/av816682751,"搞笑,爆笑,美女,奇葩,真人秀,整蛊,日本综艺,憋笑挑战,娱乐前线速评,高能娱评官第三期"
颜值爆表啦,http://www.bilibili.com/video/av848292664,"娱乐一起FUN·花式安利王,真人秀,美女,综艺,娱乐,女神"
放映影视,http://www.bilibili.com/video/av771970082,"镇站之宝大乱斗,宝藏影视名场面"
丸子丸子丸子丸,http://www.bilibili.com/video/av514267875,"高能娱评官,明星,国产,美女,女神,陈红,钟欣潼,古力娜扎,黎姿"
逸煊知识产权小唐,http://www.bilibili.com/video/av603192240,"国外,外国,奇葩,老外真会玩,沙雕"
志成看世界,http://www.bilibili.com/video/av731685233,"美女,女神,性感,模特,模特走秀,必剪创作,十一创作大挑战"
艾伦电影,http://www.bilibili.com/video/av671481744,"电影解说,惊悚,恐怖片,惊悚片,电影剪辑,惊悚电影,影视剪影,伐头岭,公路片,血浆片"
YouTube日本,http://www.bilibili.com/video/av816531268,"深夜综艺,日语听力练习,日本人的日常,电车站,酒店,探店,东京热门酒店,JR"
茉莉绿茶七分糖,http://www.bilibili.com/video/av646436060,"影视万话镜3.0,影视热点观察,美女,唐朝诡事录"
欣来解说,http://www.bilibili.com/video/av944214959,"爱情,妻子,影视剪影,电影解说"
隔壁老宫唉,http://www.bilibili.com/video/av859162218,"美女,合集,诱惑,必剪创作,十一创作大挑战"
Cyber朋克2077,http://www.bilibili.com/video/av516628006,"美女,小姐姐,无忧传媒,校园分享官,程yooooo,程女士,校园分享官第6期"
bili_1042075055,http://www.bilibili.com/video/av261721905,"韩国,美女,健身,学习,训练,自重,韩国美女,居家,器械,居家训练"
夜小雨爆笑社,http://www.bilibili.com/video/av943413264,"必剪创作,日本,小仙女,妹子,日语,挑战,高能,小姐姐,搞笑,不可能的任务"
白碧罗搞笑配音,http://www.bilibili.com/video/av288982712,"生活,高能,电梯,素质,正能量,日常,公共场所,美女,社会"
星星-记录簿,http://www.bilibili.com/video/av558413312,"猫的树,白鹿,田曦薇,张予曦,周雨彤,姜之南,卢昱晓,美女,张楚涵"
关耳士o,http://www.bilibili.com/video/av943951196,"仿妆cos大神召集令,这个cos绝了！,小姐姐,美女,性感,丝袜,Cosplay,萌妹子,鼓包,胶衣"
洛丽塔大哥lolita,http://www.bilibili.com/video/av561647211,"女神,御姐,花絮,模特,颜值,随手记录我的生活碎片,生活万花筒·生活记录册"
幼儿园界内扛把子,http://www.bilibili.com/video/av429592688,"暑期电影奇遇季,用电影打开这个夏天"
bili_1042075055,http://www.bilibili.com/video/av389163000,"韩国,美女,健身,女神,性感,瑜伽,训练,放松,居家"
树洞先生的小猫,http://www.bilibili.com/video/av303930496,"搞笑新星训练营11.0,搞笑新星训练营,逗比,搞笑研究所8.0,恶作剧,全程高能,整蛊,街头恶搞,歪果仁,整人"
正人君子の收藏夹,http://www.bilibili.com/video/av943844797,"美女,女神,身材,小姐姐,十一创作大挑战"
锁一世清秋心,http://www.bilibili.com/video/av731428193,"美女,性感,热舞,身材,诱惑,大长腿"
灵狐45,http://www.bilibili.com/video/av943930129,"跳舞,热舞,诱惑,性感热舞,大长腿,小姐姐,舞蹈综合,刻在你DNA的动漫,用一组照片晒出你的高能爱好"
美女推荐官依,http://www.bilibili.com/video/av516139855,"美女,丝袜,合集,性感,美腿,诱惑,大长腿,丝袜美腿,光腿,舞蹈区陪你过国庆"
锁一世清秋心,http://www.bilibili.com/video/av731631027,"美女,女神,精品,身材,诱惑,大长腿"
张娜英可爱捏,http://www.bilibili.com/video/av603982088,"必剪创作,合集,性感,女神,妹子,萌妹子,tTikTo"
经典电影工厂,http://www.bilibili.com/video/av591541703,"美女,性感,诱惑,影视剪影"
175小仙女,http://www.bilibili.com/video/av331289516,"打卡挑战,必剪创作,性感,美女,诱惑,爱情"
正人君子の收藏夹,http://www.bilibili.com/video/av646345721,"好身材,大长腿,小姐姐,Q弹,十一创作大挑战"
好B友到此欢聚一堂,http://www.bilibili.com/video/av303983740,"必剪创作,比基尼,泳装,美女,性感,模特"
